<?xml version="1.0" encoding="UTF-8"?>
<office:document-meta xmlns:office="urn:oasis:names:tc:opendocument:xmlns:office:1.0" xmlns:xlink="http://www.w3.org/1999/xlink" xmlns:dc="http://purl.org/dc/elements/1.1/" xmlns:meta="urn:oasis:names:tc:opendocument:xmlns:meta:1.0" xmlns:ooo="http://openoffice.org/2004/office" xmlns:grddl="http://www.w3.org/2003/g/data-view#" office:version="1.2"><office:meta><meta:creation-date>2019-03-28T10:51:32.649615488</meta:creation-date><dc:date>2019-03-28T12:37:15.200772284</dc:date><meta:editing-duration>PT5M6S</meta:editing-duration><meta:editing-cycles>1</meta:editing-cycles><meta:document-statistic meta:table-count="0" meta:image-count="0" meta:object-count="0" meta:page-count="7" meta:paragraph-count="140" meta:word-count="1339" meta:character-count="7533" meta:non-whitespace-character-count="6312"/><meta:generator>LibreOffice/5.1.6.2$Linux_X86_64 LibreOffice_project/10m0$Build-2</meta:generator></office:meta></office:document-meta>