<?xml version="1.0" encoding="UTF-8"?>
<manifest:manifest xmlns:manifest="urn:oasis:names:tc:opendocument:xmlns:manifest:1.0" manifest:version="1.2">
 <manifest:file-entry manifest:full-path="/" manifest:version="1.2" manifest:media-type="application/vnd.oasis.opendocument.text"/>
 <manifest:file-entry manifest:full-path="Thumbnails/thumbnail.png" manifest:media-type="image/png"/>
 <manifest:file-entry manifest:full-path="layout-cache" manifest:media-type="application/binary"/>
 <manifest:file-entry manifest:full-path="content.xml" manifest:media-type="text/xml"/>
 <manifest:file-entry manifest:full-path="styles.xml" manifest:media-type="text/xml"/>
 <manifest:file-entry manifest:full-path="meta.xml" manifest:media-type="text/xml"/>
 <manifest:file-entry manifest:full-path="settings.xml" manifest:media-type="text/xml"/>
 <manifest:file-entry manifest:full-path="Configurations2/accelerator/current.xml" manifest:media-type=""/>
 <manifest:file-entry manifest:full-path="Configurations2/" manifest:media-type="application/vnd.sun.xml.ui.configuration"/>
 <manifest:file-entry manifest:full-path="manifest.rdf" manifest:media-type="application/rdf+xml"/>
</manifest:manifest>